Num of Factor,PMF
5,1.05666242607
10,1.05666242607
15,1.05666242607
20,1.05666242607
25,1.05666242607
