Num of Factor,PMF
5,1.18119016832
10,1.18119016832
15,1.18119016832
20,1.18119016832
25,1.18119016832
