Num of Factor,PMF
5,1.18614897865
10,1.18614897865
15,1.18614897865
20,1.18614897865
25,1.18614897865
