Num of Factor,PMF
5,1.20263307769
10,1.20263307769
15,1.20263307769
20,1.20263307769
25,1.20263307769
