REG,PMF
0,1.43255891397
0.025,1.36786471684
0.05,1.32889241117
0.075,1.29913636257
0.1,1.27510076905
0.125,1.25542221764
0.15,1.23936751955
0.175,1.22643274585
0.2,1.21619624189
0.225,1.20832208751
0.25,1.20263307769
0.275,1.19886330287
0.3,1.19685616235
0.325,1.19642763019
