REG,PMF
0,1.38135338725
0.025,1.32432047166
0.05,1.28949881336
0.075,1.26284144619
0.1,1.24133018543
0.125,1.22393956819
0.15,1.21004500029
0.175,1.19912975208
0.2,1.19087929331
0.225,1.184980957
0.25,1.18119016832
0.275,1.17927242836
0.3,1.17901496038
0.325,1.18024781909
