REG,PMF
0,1.20870478121
0.025,1.17102781695
0.05,1.14399645855
0.075,1.12176835877
0.1,1.10348680412
0.125,1.08870568755
0.15,1.0771212866
0.175,1.06837106412
0.2,1.06219875166
0.225,1.05841168458
0.25,1.05666242607
0.275,1.05678022288
0.3,1.05849060352
0.325,1.06154963784
