REG,PMF
0,1.05666242607
0.025,1.05666242607
0.05,1.05666242607
0.075,1.05666242607
0.1,1.05666242607
0.125,1.05666242607
0.15,1.05666242607
0.175,1.05666242607
0.2,1.05666242607
0.225,1.05666242607
0.25,1.05666242607
0.275,1.05666242607
0.3,1.05666242607
0.325,1.05666242607
