REG,PMF
0,1.46057988095
0.025,1.39691209748
0.05,1.35800692251
0.075,1.32823350293
0.1,1.30404502869
0.125,1.28413004308
0.15,1.26776011105
0.175,1.25447854234
0.2,1.24392320214
0.225,1.23580813281
0.25,1.22987010675
0.275,1.22587085765
0.3,1.2235782477
0.325,1.22276485383
