Number of recommendations,PMF
1,0.71513612026
2,0.78588754645
3,0.81777517144
4,0.83087241549
5,0.83583377426
6,0.83739063964
7,0.83761930155
8,0.83765578196
9,0.83760639339
10,0.83759225354
