Number of recommendations,PMF
1,0.70968073046
2,0.77312964021
3,0.80228353478
4,0.81410886507
5,0.8189571235
6,0.82031639352
7,0.82079984009
8,0.82087020729
9,0.82100983501
10,0.82102751169
