Number of recommendations,PMF
1,0.67284665945
2,0.75738914827
3,0.79386960862
4,0.80899437077
5,0.81349289708
6,0.81417015223
7,0.81440994839
8,0.81458279428
9,0.81464049881
10,0.81459658708
