Number of recommendations,PMF
1,0.72880095964
2,0.78222985558
3,0.80767765856
4,0.81639433105
5,0.81911778308
6,0.82012287793
7,0.82048774355
8,0.82049392278
9,0.82055963412
10,0.82056439314
