Value,PMF(Recall),PMF (Precision)
1,0.70069071374,0.51736939543
2,0.66631303327,0.76772246441
3,0.64613335741,0.89479719588
4,0.63480956465,0.95637094332
5,0.62921388049,0.98387391535
6,0.62688290973,0.99464856899
7,0.62609932691,0.99833044546
8,0.62587279732,0.99952103074
9,0.62580257224,0.99987236396
10,0.62577949829,0.99996794001
