Value,PMF(Recall),PMF (Precision)
1,0.68950165811,0.50773672312
2,0.65813383001,0.76203332724
3,0.63597268281,0.89019880473
4,0.62254122564,0.95280711498
5,0.61641075728,0.98248355636
6,0.61366692409,0.99366129145
7,0.61264371919,0.99793700887
8,0.6122648846,0.99928122768
9,0.6122194569,0.99986542348
10,0.61219472404,0.9999939017
