Value,PMF(Recall),PMF (Precision)
1,0.7284887203,0.47150095414
2,0.68995807546,0.73745695422
3,0.66303986158,0.87987541401
4,0.64735143409,0.95106709658
5,0.63870699408,0.98274714308
6,0.63428162641,0.99424996162
7,0.6328080883,0.99832752078
8,0.6324694122,0.99965974644
9,0.63239454696,1
10,0.63234796414,1
