Value,PMF(Recall),PMF (Precision)
1,0.71777909576,0.52602506765
2,0.68217071947,0.77517923927
3,0.6612984169,0.89953221136
4,0.64928448682,0.9587992908
5,0.64403561598,0.98544402651
6,0.64174992776,0.99562567861
7,0.64082878738,0.99892964859
8,0.64055586695,0.99976690278
9,0.64048553223,0.99998853903
10,0.64046728322,1
